{
  "project_info": {
    "project_number": "958484849202",
    "firebase_url": "https://mysampleapp-baf8e.firebaseio.com",
    "project_id": "mysampleapp-baf8e",
    "storage_bucket": "mysampleapp-baf8e.appspot.com"
  },
  "client": [
    {
      "client_info": {
        "mobilesdk_app_id": "1:958484849202:android:0e89bac33836e607ef922b",
        "android_client_info": {
          "package_name": "com.makul.mobile.mysampleapp"
        }
      },
      "oauth_client": [
        {
          "client_id": "958484849202-bq6km42ubpv9fn37a85c143phpqfr9ps.apps.googleusercontent.com",
          "client_type": 3
        }
      ],
      "api_key": [
        {
          "current_key": "AIzaSyD4ySRKdHKntHUkWh4HTQynww9F9z_CrBI"
        }
      ],
      "services": {
        "appinvite_service": {
          "other_platform_oauth_client": [
            {
              "client_id": "958484849202-bq6km42ubpv9fn37a85c143phpqfr9ps.apps.googleusercontent.com",
              "client_type": 3
            }
          ]
        }
      }
    }
  ],
  "configuration_version": "1"
}